[{"id":1300029,"nome":"Alvarães","microrregiao":{"id":13005,"nome":"Tefé","mesorregiao":{"id":1303,"nome":"Centro Amazonense","UF":{"id":13,"sigla":"AM","nome":"Amazonas","regiao":{"id":1,"sigla":"N","nome":"Norte"}}}}},{"id":1300060,"nome":"Amaturá","microrregiao":{"id":13003,"nome":"Alto Solimões","mesorregiao":{"id":1302,"nome":"Sudoeste Amazonense","UF":{"id":13,"sigla":"AM","nome":"Amazonas","regiao":{"id":1,"sigla":"N","nome":"Norte"}}}}},{"id":1300086,"nome":"Anamã","microrregiao":{"id":13006,"nome":"Coari","mesorregiao":{"id":1303,"nome":"Centro Amazonense","UF":{"id":13,"sigla":"AM","nome":"Amazonas","regiao":{"id":1,"sigla":"N","nome":"Norte"}}}}},{"id":1300102,"nome":"Anori","microrregiao":{"id":13006,"nome":"Coari","mesorregiao":{"id":1303,"nome":"Centro Amazonense","UF":{"id":13,"sigla":"AM","nome":"Amazonas","regiao":{"id":1,"sigla":"N","nome":"Norte"}}}}},{"id":1300144,"nome":"Apuí","microrregiao":{"id":13013,"nome":"Madeira","mesorregiao":{"id":1304,"nome":"Sul Amazonense","UF":{"id":13,"sigla":"AM","nome":"Amazonas","regiao":{"id":1,"sigla":"N","nome":"Norte"}}}}},{"id":1300201,"nome":"Atalaia do Norte","microrregiao":{"id":13003,"nome":"Alto Solimões","mesorregiao":{"id":1302,"nome":"Sudoeste Amazonense","UF":{"id":13,"sigla":"AM","nome":"Amazonas","regiao":{"id":1,"sigla":"N","nome":"Norte"}}}}},{"id":1300300,"nome":"Autazes","microrregiao":{"id":13007,"nome":"Manaus","mesorregiao":{"id":1303,"nome":"Centro Amazonense","UF":{"id":13,"sigla":"AM","nome":"Amazonas","regiao":{"id":1,"sigla":"N","nome":"Norte"}}}}},{"id":1300409,"nome":"Barcelos","microrregiao":{"id":13001,"nome":"Rio Negro","mesorregiao":{"id":1301,"nome":"Norte Amazonense","UF":{"id":13,"sigla":"AM","nome":"Amazonas","regiao":{"id":1,"sigla":"N","nome":"Norte"}}}}},{"id":1300508,"nome":"Barreirinha","microrregiao":{"id":13010,"nome":"Parintins","mesorregiao":{"id":1303,"nome":"Centro Amazonense","UF":{"id":13,"sigla":"AM","nome":"Amazonas","regiao":{"id":1,"sigla":"N","nome":"Norte"}}}}},{"id":1300607,"nome":"Benjamin Constant","microrregiao":{"id":13003,"nome":"Alto Solimões","mesorregiao":{"id":1302,"nome":"Sudoeste Amazonense","UF":{"id":13,"sigla":"AM","nome":"Amazonas","regiao":{"id":1,"sigla":"N","nome":"Norte"}}}}},{"id":1300631,"nome":"Beruri","microrregiao":{"id":13006,"nome":"Coari","mesorregiao":{"id":1303,"nome":"Centro Amazonense","UF":{"id":13,"sigla":"AM","nome":"Amazonas","regiao":{"id":1,"sigla":"N","nome":"Norte"}}}}},{"id":1300680,"nome":"Boa Vista do Ramos","microrregiao":{"id":13010,"nome":"Parintins","mesorregiao":{"id":1303,"nome":"Centro Amazonense","UF":{"id":13,"sigla":"AM","nome":"Amazonas","regiao":{"id":1,"sigla":"N","nome":"Norte"}}}}},{"id":1300706,"nome":"Boca do Acre","microrregiao":{"id":13011,"nome":"Boca do Acre","mesorregiao":{"id":1304,"nome":"Sul Amazonense","UF":{"id":13,"sigla":"AM","nome":"Amazonas","regiao":{"id":1,"sigla":"N","nome":"Norte"}}}}},{"id":1300805,"nome":"Borba","microrregiao":{"id":13013,"nome":"Madeira","mesorregiao":{"id":1304,"nome":"Sul Amazonense","UF":{"id":13,"sigla":"AM","nome":"Amazonas","regiao":{"id":1,"sigla":"N","nome":"Norte"}}}}},{"id":1300839,"nome":"Caapiranga","microrregiao":{"id":13006,"nome":"Coari","mesorregiao":{"id":1303,"nome":"Centro Amazonense","UF":{"id":13,"sigla":"AM","nome":"Amazonas","regiao":{"id":1,"sigla":"N","nome":"Norte"}}}}},{"id":1300904,"nome":"Canutama","microrregiao":{"id":13012,"nome":"Purus","mesorregiao":{"id":1304,"nome":"Sul Amazonense","UF":{"id":13,"sigla":"AM","nome":"Amazonas","regiao":{"id":1,"sigla":"N","nome":"Norte"}}}}},{"id":1301001,"nome":"Carauari","microrregiao":{"id":13004,"nome":"Juruá","mesorregiao":{"id":1302,"nome":"Sudoeste Amazonense","UF":{"id":13,"sigla":"AM","nome":"Amazonas","regiao":{"id":1,"sigla":"N","nome":"Norte"}}}}},{"id":1301100,"nome":"Careiro","microrregiao":{"id":13007,"nome":"Manaus","mesorregiao":{"id":1303,"nome":"Centro Amazonense","UF":{"id":13,"sigla":"AM","nome":"Amazonas","regiao":{"id":1,"sigla":"N","nome":"Norte"}}}}},{"id":1301159,"nome":"Careiro da Várzea","microrregiao":{"id":13007,"nome":"Manaus","mesorregiao":{"id":1303,"nome":"Centro Amazonense","UF":{"id":13,"sigla":"AM","nome":"Amazonas","regiao":{"id":1,"sigla":"N","nome":"Norte"}}}}},{"id":1301209,"nome":"Coari","microrregiao":{"id":13006,"nome":"Coari","mesorregiao":{"id":1303,"nome":"Centro Amazonense","UF":{"id":13,"sigla":"AM","nome":"Amazonas","regiao":{"id":1,"sigla":"N","nome":"Norte"}}}}},{"id":1301308,"nome":"Codajás","microrregiao":{"id":13006,"nome":"Coari","mesorregiao":{"id":1303,"nome":"Centro Amazonense","UF":{"id":13,"sigla":"AM","nome":"Amazonas","regiao":{"id":1,"sigla":"N","nome":"Norte"}}}}},{"id":1301407,"nome":"Eirunepé","microrregiao":{"id":13004,"nome":"Juruá","mesorregiao":{"id":1302,"nome":"Sudoeste Amazonense","UF":{"id":13,"sigla":"AM","nome":"Amazonas","regiao":{"id":1,"sigla":"N","nome":"Norte"}}}}},{"id":1301506,"nome":"Envira","microrregiao":{"id":13004,"nome":"Juruá","mesorregiao":{"id":1302,"nome":"Sudoeste Amazonense","UF":{"id":13,"sigla":"AM","nome":"Amazonas","regiao":{"id":1,"sigla":"N","nome":"Norte"}}}}},{"id":1301605,"nome":"Fonte Boa","microrregiao":{"id":13003,"nome":"Alto Solimões","mesorregiao":{"id":1302,"nome":"Sudoeste Amazonense","UF":{"id":13,"sigla":"AM","nome":"Amazonas","regiao":{"id":1,"sigla":"N","nome":"Norte"}}}}},{"id":1301654,"nome":"Guajará","microrregiao":{"id":13004,"nome":"Juruá","mesorregiao":{"id":1302,"nome":"Sudoeste Amazonense","UF":{"id":13,"sigla":"AM","nome":"Amazonas","regiao":{"id":1,"sigla":"N","nome":"Norte"}}}}},{"id":1301704,"nome":"Humaitá","microrregiao":{"id":13013,"nome":"Madeira","mesorregiao":{"id":1304,"nome":"Sul Amazonense","UF":{"id":13,"sigla":"AM","nome":"Amazonas","regiao":{"id":1,"sigla":"N","nome":"Norte"}}}}},{"id":1301803,"nome":"Ipixuna","microrregiao":{"id":13004,"nome":"Juruá","mesorregiao":{"id":1302,"nome":"Sudoeste Amazonense","UF":{"id":13,"sigla":"AM","nome":"Amazonas","regiao":{"id":1,"sigla":"N","nome":"Norte"}}}}},{"id":1301852,"nome":"Iranduba","microrregiao":{"id":13007,"nome":"Manaus","mesorregiao":{"id":1303,"nome":"Centro Amazonense","UF":{"id":13,"sigla":"AM","nome":"Amazonas","regiao":{"id":1,"sigla":"N","nome":"Norte"}}}}},{"id":1301902,"nome":"Itacoatiara","microrregiao":{"id":13009,"nome":"Itacoatiara","mesorregiao":{"id":1303,"nome":"Centro Amazonense","UF":{"id":13,"sigla":"AM","nome":"Amazonas","regiao":{"id":1,"sigla":"N","nome":"Norte"}}}}},{"id":1301951,"nome":"Itamarati","microrregiao":{"id":13004,"nome":"Juruá","mesorregiao":{"id":1302,"nome":"Sudoeste Amazonense","UF":{"id":13,"sigla":"AM","nome":"Amazonas","regiao":{"id":1,"sigla":"N","nome":"Norte"}}}}},{"id":1302009,"nome":"Itapiranga","microrregiao":{"id":13009,"nome":"Itacoatiara","mesorregiao":{"id":1303,"nome":"Centro Amazonense","UF":{"id":13,"sigla":"AM","nome":"Amazonas","regiao":{"id":1,"sigla":"N","nome":"Norte"}}}}},{"id":1302108,"nome":"Japurá","microrregiao":{"id":13002,"nome":"Japurá","mesorregiao":{"id":1301,"nome":"Norte Amazonense","UF":{"id":13,"sigla":"AM","nome":"Amazonas","regiao":{"id":1,"sigla":"N","nome":"Norte"}}}}},{"id":1302207,"nome":"Juruá","microrregiao":{"id":13004,"nome":"Juruá","mesorregiao":{"id":1302,"nome":"Sudoeste Amazonense","UF":{"id":13,"sigla":"AM","nome":"Amazonas","regiao":{"id":1,"sigla":"N","nome":"Norte"}}}}},{"id":1302306,"nome":"Jutaí","microrregiao":{"id":13003,"nome":"Alto Solimões","mesorregiao":{"id":1302,"nome":"Sudoeste Amazonense","UF":{"id":13,"sigla":"AM","nome":"Amazonas","regiao":{"id":1,"sigla":"N","nome":"Norte"}}}}},{"id":1302405,"nome":"Lábrea","microrregiao":{"id":13012,"nome":"Purus","mesorregiao":{"id":1304,"nome":"Sul Amazonense","UF":{"id":13,"sigla":"AM","nome":"Amazonas","regiao":{"id":1,"sigla":"N","nome":"Norte"}}}}},{"id":1302504,"nome":"Manacapuru","microrregiao":{"id":13007,"nome":"Manaus","mesorregiao":{"id":1303,"nome":"Centro Amazonense","UF":{"id":13,"sigla":"AM","nome":"Amazonas","regiao":{"id":1,"sigla":"N","nome":"Norte"}}}}},{"id":1302553,"nome":"Manaquiri","microrregiao":{"id":13007,"nome":"Manaus","mesorregiao":{"id":1303,"nome":"Centro Amazonense","UF":{"id":13,"sigla":"AM","nome":"Amazonas","regiao":{"id":1,"sigla":"N","nome":"Norte"}}}}},{"id":1302603,"nome":"Manaus","microrregiao":{"id":13007,"nome":"Manaus","mesorregiao":{"id":1303,"nome":"Centro Amazonense","UF":{"id":13,"sigla":"AM","nome":"Amazonas","regiao":{"id":1,"sigla":"N","nome":"Norte"}}}}},{"id":1302702,"nome":"Manicoré","microrregiao":{"id":13013,"nome":"Madeira","mesorregiao":{"id":1304,"nome":"Sul Amazonense","UF":{"id":13,"sigla":"AM","nome":"Amazonas","regiao":{"id":1,"sigla":"N","nome":"Norte"}}}}},{"id":1302801,"nome":"Maraã","microrregiao":{"id":13002,"nome":"Japurá","mesorregiao":{"id":1301,"nome":"Norte Amazonense","UF":{"id":13,"sigla":"AM","nome":"Amazonas","regiao":{"id":1,"sigla":"N","nome":"Norte"}}}}},{"id":1302900,"nome":"Maués","microrregiao":{"id":13010,"nome":"Parintins","mesorregiao":{"id":1303,"nome":"Centro Amazonense","UF":{"id":13,"sigla":"AM","nome":"Amazonas","regiao":{"id":1,"sigla":"N","nome":"Norte"}}}}},{"id":1303007,"nome":"Nhamundá","microrregiao":{"id":13010,"nome":"Parintins","mesorregiao":{"id":1303,"nome":"Centro Amazonense","UF":{"id":13,"sigla":"AM","nome":"Amazonas","regiao":{"id":1,"sigla":"N","nome":"Norte"}}}}},{"id":1303106,"nome":"Nova Olinda do Norte","microrregiao":{"id":13009,"nome":"Itacoatiara","mesorregiao":{"id":1303,"nome":"Centro Amazonense","UF":{"id":13,"sigla":"AM","nome":"Amazonas","regiao":{"id":1,"sigla":"N","nome":"Norte"}}}}},{"id":1303205,"nome":"Novo Airão","microrregiao":{"id":13001,"nome":"Rio Negro","mesorregiao":{"id":1301,"nome":"Norte Amazonense","UF":{"id":13,"sigla":"AM","nome":"Amazonas","regiao":{"id":1,"sigla":"N","nome":"Norte"}}}}},{"id":1303304,"nome":"Novo Aripuanã","microrregiao":{"id":13013,"nome":"Madeira","mesorregiao":{"id":1304,"nome":"Sul Amazonense","UF":{"id":13,"sigla":"AM","nome":"Amazonas","regiao":{"id":1,"sigla":"N","nome":"Norte"}}}}},{"id":1303403,"nome":"Parintins","microrregiao":{"id":13010,"nome":"Parintins","mesorregiao":{"id":1303,"nome":"Centro Amazonense","UF":{"id":13,"sigla":"AM","nome":"Amazonas","regiao":{"id":1,"sigla":"N","nome":"Norte"}}}}},{"id":1303502,"nome":"Pauini","microrregiao":{"id":13011,"nome":"Boca do Acre","mesorregiao":{"id":1304,"nome":"Sul Amazonense","UF":{"id":13,"sigla":"AM","nome":"Amazonas","regiao":{"id":1,"sigla":"N","nome":"Norte"}}}}},{"id":1303536,"nome":"Presidente Figueiredo","microrregiao":{"id":13008,"nome":"Rio Preto da Eva","mesorregiao":{"id":1303,"nome":"Centro Amazonense","UF":{"id":13,"sigla":"AM","nome":"Amazonas","regiao":{"id":1,"sigla":"N","nome":"Norte"}}}}},{"id":1303569,"nome":"Rio Preto da Eva","microrregiao":{"id":13008,"nome":"Rio Preto da Eva","mesorregiao":{"id":1303,"nome":"Centro Amazonense","UF":{"id":13,"sigla":"AM","nome":"Amazonas","regiao":{"id":1,"sigla":"N","nome":"Norte"}}}}},{"id":1303601,"nome":"Santa Isabel do Rio Negro","microrregiao":{"id":13001,"nome":"Rio Negro","mesorregiao":{"id":1301,"nome":"Norte Amazonense","UF":{"id":13,"sigla":"AM","nome":"Amazonas","regiao":{"id":1,"sigla":"N","nome":"Norte"}}}}},{"id":1303700,"nome":"Santo Antônio do Içá","microrregiao":{"id":13003,"nome":"Alto Solimões","mesorregiao":{"id":1302,"nome":"Sudoeste Amazonense","UF":{"id":13,"sigla":"AM","nome":"Amazonas","regiao":{"id":1,"sigla":"N","nome":"Norte"}}}}},{"id":1303809,"nome":"São Gabriel da Cachoeira","microrregiao":{"id":13001,"nome":"Rio Negro","mesorregiao":{"id":1301,"nome":"Norte Amazonense","UF":{"id":13,"sigla":"AM","nome":"Amazonas","regiao":{"id":1,"sigla":"N","nome":"Norte"}}}}},{"id":1303908,"nome":"São Paulo de Olivença","microrregiao":{"id":13003,"nome":"Alto Solimões","mesorregiao":{"id":1302,"nome":"Sudoeste Amazonense","UF":{"id":13,"sigla":"AM","nome":"Amazonas","regiao":{"id":1,"sigla":"N","nome":"Norte"}}}}},{"id":1303957,"nome":"São Sebastião do Uatumã","microrregiao":{"id":13010,"nome":"Parintins","mesorregiao":{"id":1303,"nome":"Centro Amazonense","UF":{"id":13,"sigla":"AM","nome":"Amazonas","regiao":{"id":1,"sigla":"N","nome":"Norte"}}}}},{"id":1304005,"nome":"Silves","microrregiao":{"id":13009,"nome":"Itacoatiara","mesorregiao":{"id":1303,"nome":"Centro Amazonense","UF":{"id":13,"sigla":"AM","nome":"Amazonas","regiao":{"id":1,"sigla":"N","nome":"Norte"}}}}},{"id":1304062,"nome":"Tabatinga","microrregiao":{"id":13003,"nome":"Alto Solimões","mesorregiao":{"id":1302,"nome":"Sudoeste Amazonense","UF":{"id":13,"sigla":"AM","nome":"Amazonas","regiao":{"id":1,"sigla":"N","nome":"Norte"}}}}},{"id":1304104,"nome":"Tapauá","microrregiao":{"id":13012,"nome":"Purus","mesorregiao":{"id":1304,"nome":"Sul Amazonense","UF":{"id":13,"sigla":"AM","nome":"Amazonas","regiao":{"id":1,"sigla":"N","nome":"Norte"}}}}},{"id":1304203,"nome":"Tefé","microrregiao":{"id":13005,"nome":"Tefé","mesorregiao":{"id":1303,"nome":"Centro Amazonense","UF":{"id":13,"sigla":"AM","nome":"Amazonas","regiao":{"id":1,"sigla":"N","nome":"Norte"}}}}},{"id":1304237,"nome":"Tonantins","microrregiao":{"id":13003,"nome":"Alto Solimões","mesorregiao":{"id":1302,"nome":"Sudoeste Amazonense","UF":{"id":13,"sigla":"AM","nome":"Amazonas","regiao":{"id":1,"sigla":"N","nome":"Norte"}}}}},{"id":1304260,"nome":"Uarini","microrregiao":{"id":13005,"nome":"Tefé","mesorregiao":{"id":1303,"nome":"Centro Amazonense","UF":{"id":13,"sigla":"AM","nome":"Amazonas","regiao":{"id":1,"sigla":"N","nome":"Norte"}}}}},{"id":1304302,"nome":"Urucará","microrregiao":{"id":13010,"nome":"Parintins","mesorregiao":{"id":1303,"nome":"Centro Amazonense","UF":{"id":13,"sigla":"AM","nome":"Amazonas","regiao":{"id":1,"sigla":"N","nome":"Norte"}}}}},{"id":1304401,"nome":"Urucurituba","microrregiao":{"id":13009,"nome":"Itacoatiara","mesorregiao":{"id":1303,"nome":"Centro Amazonense","UF":{"id":13,"sigla":"AM","nome":"Amazonas","regiao":{"id":1,"sigla":"N","nome":"Norte"}}}}}]
